title,company,salary,location,posted_date,link,source,relevance_score,category,reasoning,tags,is_relevant
Staff Software Engineer Full Stack & AI Systems,Sully.ai,Not mentioned,,2025-11-20T00:00:35+00:00,https://remoteOK.com/remote-jobs/remote-staff-software-engineer-full-stack-ai-systems-sully-ai-1128998,remoteok,0.9,Engineering,Matched keywords: AI,['AI'],True
Blockchain Security Expert Security Audit Track,CertiK,Not mentioned,US / Remote,2025-11-19T13:00:18+00:00,https://remoteOK.com/remote-jobs/remote-blockchain-security-expert-security-audit-track-certik-1128991,remoteok,0.9,AI/ML,Matched keywords: AI,['AI'],True
Blockchain Site Reliability Engineer,InfStones,Not mentioned,Texas,2025-11-19T09:00:02+00:00,https://remoteOK.com/remote-jobs/remote-blockchain-site-reliability-engineer-infstones-1128989,remoteok,0.9,Engineering,Matched keywords: AI,['AI'],True
Data Scientist GeoAI,Esri,Not mentioned,New Delhi,2025-11-18T16:00:33+00:00,https://remoteOK.com/remote-jobs/remote-data-scientist-geoai-esri-1128979,remoteok,0.9,Research,Matched keywords: AI,['AI'],True
External Affairs Lead,Reflective,Not mentioned,San Francisco,2025-11-14T17:00:20+00:00,https://remoteOK.com/remote-jobs/remote-external-affairs-lead-reflective-1128954,remoteok,0.9,AI/ML,Matched keywords: AI,['AI'],True
DevOps Engineer Weekday AI,Weekday AI,Not mentioned,India,2025-11-14T08:00:18+00:00,https://remoteOK.com/remote-jobs/remote-devops-engineer-weekday-ai-weekday-ai-1128949,remoteok,0.9,Engineering,Matched keywords: AI,['AI'],True
Didactica AI: Full Stack Engineer,See Title/Desc,Not mentioned,Remote,"Sun, 02 Nov 2025 21:34:11 +0000",https://weworkremotely.com/remote-jobs/didactica-ai-full-stack-engineer,weworkremotely,0.9,Engineering,Matched keywords: AI,['AI'],True
Rocky Mountain College of Art + Design: Subject Matter Expert | Web Design I,See Title/Desc,Not mentioned,Remote,"Wed, 29 Oct 2025 20:17:02 +0000",https://weworkremotely.com/remote-jobs/rocky-mountain-college-of-art-design-subject-matter-expert-web-design-i,weworkremotely,0.9,AI/ML,Matched keywords: AI,['AI'],True
Coders Brain Technology: Full Stack Web Application Engineer,See Title/Desc,Not mentioned,Remote,"Wed, 29 Oct 2025 20:14:47 +0000",https://weworkremotely.com/remote-jobs/coders-brain-technology-full-stack-web-application-engineer-1,weworkremotely,0.9,Engineering,Matched keywords: AI,['AI'],True
AirCover UX Enablement Manager,Airbnb,Not mentioned,"Montreal, Canada",2025-11-21T19:00:12-05:00,https://careers.airbnb.com/positions/7403612?gh_jid=7403612,company_portal,0.9,AI/ML,Matched keywords: AI,['AI'],True
Claims Experience Specialist (French-Speaking),Airbnb,Not mentioned,"Montreal,Canada",2025-11-27T11:07:59-05:00,https://careers.airbnb.com/positions/7288960?gh_jid=7288960,company_portal,0.9,AI/ML,Matched keywords: AI,['AI'],True
"Data Science Lead, Guest Funnel Science",Airbnb,Not mentioned,Remote,2025-11-21T11:23:18-05:00,https://careers.airbnb.com/positions/7107054?gh_jid=7107054,company_portal,0.9,AI/ML,Matched keywords: Data Science,['Data Science'],True
"Lead, Advanced Analytics, AirCover",Airbnb,Not mentioned,United States,2025-11-05T18:36:25-05:00,https://careers.airbnb.com/positions/7372997?gh_jid=7372997,company_portal,0.9,AI/ML,Matched keywords: AI,['AI'],True
"Platform Lead – Intelligence & Personalization, AirCover",Airbnb,Not mentioned,United States ,2025-11-11T17:16:32-05:00,https://careers.airbnb.com/positions/7243273?gh_jid=7243273,company_portal,0.9,AI/ML,Matched keywords: AI,['AI'],True
"Platform Manager, AI/ML Defense Platform",Airbnb,Not mentioned,United States ,2025-11-04T19:21:50-05:00,https://careers.airbnb.com/positions/7201739?gh_jid=7201739,company_portal,0.9,AI/ML,"Matched keywords: AI, ML","['AI', 'ML']",True
"Policy Manager, Great Lakes & Smoky Mountains",Airbnb,Not mentioned,North Carolina,2025-11-24T11:33:45-05:00,https://careers.airbnb.com/positions/7397556?gh_jid=7397556,company_portal,0.9,AI/ML,Matched keywords: AI,['AI'],True
Senior AI-Enabled Insights Lead,Airbnb,Not mentioned,United States ,2025-11-10T12:10:27-05:00,https://careers.airbnb.com/positions/7158963?gh_jid=7158963,company_portal,0.9,AI/ML,Matched keywords: AI,['AI'],True
"Senior Machine Learning Engineer, Trust & Safety",Airbnb,Not mentioned,"Bangalore, India",2025-10-21T08:26:47-04:00,https://careers.airbnb.com/positions/7185448?gh_jid=7185448,company_portal,0.9,Engineering,Matched keywords: Machine Learning,['Machine Learning'],True
"Senior Product Manager, Community Support AI",Airbnb,Not mentioned,United States,2025-11-06T13:20:43-05:00,https://careers.airbnb.com/positions/7075206?gh_jid=7075206,company_portal,0.9,AI/ML,Matched keywords: AI,['AI'],True
"Senior Software Engineer, GenAI Systems",Airbnb,Not mentioned,Remote - USA,2025-11-25T17:57:15-05:00,https://careers.airbnb.com/positions/7374033?gh_jid=7374033,company_portal,0.9,Engineering,Matched keywords: AI,['AI'],True
"Senior Software Engineer, Pricing & Availability ",Airbnb,Not mentioned,United States,2025-11-11T12:30:02-05:00,https://careers.airbnb.com/positions/7383965?gh_jid=7383965,company_portal,0.9,Engineering,Matched keywords: AI,['AI'],True
Senior Staff Machine Learning Engineer - AI Safety and Guardrail ,Airbnb,Not mentioned,United States,2025-10-08T14:08:45-04:00,https://careers.airbnb.com/positions/7159569?gh_jid=7159569,company_portal,0.9,Engineering,"Matched keywords: AI, Machine Learning","['AI', 'Machine Learning']",True
"Senior Staff Machine Learning Engineer, Communication & Connectivity",Airbnb,Not mentioned,Remote - USA,2025-10-23T16:28:46-04:00,https://careers.airbnb.com/positions/7005605?gh_jid=7005605,company_portal,0.9,Engineering,Matched keywords: Machine Learning,['Machine Learning'],True
"Senior Staff Machine Learning Engineer, Community Support Engineering",Airbnb,Not mentioned,United States,2025-10-08T14:08:45-04:00,https://careers.airbnb.com/positions/6757302?gh_jid=6757302,company_portal,0.9,Engineering,Matched keywords: Machine Learning,['Machine Learning'],True
Senior Staff Machine Learning Engineer – GenAI,Airbnb,Not mentioned,United States,2025-10-08T14:08:45-04:00,https://careers.airbnb.com/positions/7028263?gh_jid=7028263,company_portal,0.9,Engineering,"Matched keywords: AI, Machine Learning","['AI', 'Machine Learning']",True
Senior Staff Machine Learning Engineer - Guest & Host,Airbnb,Not mentioned,United States,2025-10-08T14:08:45-04:00,https://careers.airbnb.com/positions/6817373?gh_jid=6817373,company_portal,0.9,Engineering,Matched keywords: Machine Learning,['Machine Learning'],True
"Senior Staff Machine Learning Engineer, Relevance and Personalization",Airbnb,Not mentioned,United States ,2025-11-12T13:45:44-05:00,https://careers.airbnb.com/positions/7381973?gh_jid=7381973,company_portal,0.9,Engineering,Matched keywords: Machine Learning,['Machine Learning'],True
"Staff, Advanced Analytics, Community Support AI Assistant",Airbnb,Not mentioned,United States ,2025-11-03T15:00:41-05:00,https://careers.airbnb.com/positions/7134350?gh_jid=7134350,company_portal,0.9,AI/ML,Matched keywords: AI,['AI'],True
"Staff Advanced Analytics, Digital & AI Products",Airbnb,Not mentioned,"Bangalore, India",2025-10-08T14:08:45-04:00,https://careers.airbnb.com/positions/7182376?gh_jid=7182376,company_portal,0.9,AI/ML,Matched keywords: AI,['AI'],True
Staff Machine Learning Engineer - Community Support Engineering,Airbnb,Not mentioned,Remote - USA,2025-10-08T14:08:45-04:00,https://careers.airbnb.com/positions/7116975?gh_jid=7116975,company_portal,0.9,Engineering,Matched keywords: Machine Learning,['Machine Learning'],True
"Staff Machine Learning Engineer, Payments",Airbnb,Not mentioned,United States,2025-10-08T14:08:45-04:00,https://careers.airbnb.com/positions/7121624?gh_jid=7121624,company_portal,0.9,Engineering,Matched keywords: Machine Learning,['Machine Learning'],True
"Staff Product Manager, Voice AI",Airbnb,Not mentioned,Remote,2025-10-23T16:18:20-04:00,https://careers.airbnb.com/positions/7351265?gh_jid=7351265,company_portal,0.9,AI/ML,Matched keywords: AI,['AI'],True
Staff Software Engineer - GenAI Systems,Airbnb,Not mentioned,Remote - USA,2025-11-04T15:42:29-05:00,https://careers.airbnb.com/positions/7373817?gh_jid=7373817,company_portal,0.9,Engineering,Matched keywords: AI,['AI'],True
Account Executive - Reclaim.ai,Dropbox,Not mentioned,Remote - Canada: Select locations,2025-11-17T18:25:30-05:00,https://jobs.dropbox.com/listing/7154930?gh_jid=7154930,company_portal,0.9,AI/ML,Matched keywords: AI,['AI'],True
Account Executive - Reclaim.ai,Dropbox,Not mentioned,Remote - US: Select locations,2025-11-17T18:25:30-05:00,https://jobs.dropbox.com/listing/7154929?gh_jid=7154929,company_portal,0.9,AI/ML,Matched keywords: AI,['AI'],True
AI Business Analyst,Dropbox,Not mentioned,Remote - Canada: Select locations,2025-11-17T18:25:30-05:00,https://jobs.dropbox.com/listing/7367155?gh_jid=7367155,company_portal,0.9,Data Science,Matched keywords: AI,['AI'],True
AI Business Analyst,Dropbox,Not mentioned,Remote - US: Select locations,2025-11-17T18:25:30-05:00,https://jobs.dropbox.com/listing/7367154?gh_jid=7367154,company_portal,0.9,Data Science,Matched keywords: AI,['AI'],True
AI Business Analyst,Dropbox,Not mentioned,Remote - Ireland,2025-11-17T18:25:30-05:00,https://jobs.dropbox.com/listing/7367152?gh_jid=7367152,company_portal,0.9,Data Science,Matched keywords: AI,['AI'],True
Data Science - Customer Success Intern (Summer 2026),Dropbox,Not mentioned,"Dublin, Ireland",2025-11-21T15:16:05-05:00,https://jobs.dropbox.com/listing/7374450?gh_jid=7374450,company_portal,0.9,AI/ML,Matched keywords: Data Science,['Data Science'],True
"Machine Learning Engineer, Dash",Dropbox,Not mentioned,Remote - Germany,2025-11-20T06:35:17-05:00,https://jobs.dropbox.com/listing/7384405?gh_jid=7384405,company_portal,0.9,Engineering,Matched keywords: Machine Learning,['Machine Learning'],True
"Machine Learning Engineer, Dash",Dropbox,Not mentioned,Remote - Denmark,2025-11-20T06:35:15-05:00,https://jobs.dropbox.com/listing/7384408?gh_jid=7384408,company_portal,0.9,Engineering,Matched keywords: Machine Learning,['Machine Learning'],True
PhD Machine Learning Intern (Summer 2026),Dropbox,Not mentioned,Remote - US: All locations,2025-11-17T18:25:30-05:00,https://jobs.dropbox.com/listing/7368677?gh_jid=7368677,company_portal,0.9,AI/ML,Matched keywords: Machine Learning,['Machine Learning'],True
"Senior Backend Product Software Engineer, Reclaim",Dropbox,Not mentioned,Remote - US: Select locations,2025-11-17T18:25:30-05:00,https://jobs.dropbox.com/listing/7384345?gh_jid=7384345,company_portal,0.9,Engineering,Matched keywords: AI,['AI'],True
"Senior Backend Product Software Engineer, Reclaim",Dropbox,Not mentioned,Remote - Canada: Select locations,2025-11-17T18:25:30-05:00,https://jobs.dropbox.com/listing/7384348?gh_jid=7384348,company_portal,0.9,Engineering,Matched keywords: AI,['AI'],True
"Senior Data Scientist, AI Products",Dropbox,Not mentioned,Remote - US: All locations,2025-11-19T19:12:08-05:00,https://jobs.dropbox.com/listing/7384335?gh_jid=7384335,company_portal,0.9,Research,Matched keywords: AI,['AI'],True
"Senior Data Scientist, AI Products",Dropbox,Not mentioned,Remote - Canada: Select locations,2025-11-19T19:12:08-05:00,https://jobs.dropbox.com/listing/7384340?gh_jid=7384340,company_portal,0.9,Research,Matched keywords: AI,['AI'],True
"Senior Engineering Manager, Core AI Platform",Dropbox,Not mentioned,Remote - Canada: Select locations,2025-11-19T05:35:45-05:00,https://jobs.dropbox.com/listing/7344922?gh_jid=7344922,company_portal,0.9,Engineering,Matched keywords: AI,['AI'],True
"Senior Engineering Manager, Core AI Platform",Dropbox,Not mentioned,Remote - US: All locations,2025-11-20T14:00:50-05:00,https://jobs.dropbox.com/listing/7344918?gh_jid=7344918,company_portal,0.9,Engineering,Matched keywords: AI,['AI'],True
"Senior Lead, Acquisition Growth Campaigns",Dropbox,Not mentioned,Remote - Canada: Select locations,2025-11-25T18:31:38-05:00,https://jobs.dropbox.com/listing/7377005?gh_jid=7377005,company_portal,0.9,AI/ML,Matched keywords: AI,['AI'],True
"Senior Lead, Acquisition Growth Campaigns",Dropbox,Not mentioned,Remote - US: Select locations,2025-11-25T18:31:37-05:00,https://jobs.dropbox.com/listing/7377004?gh_jid=7377004,company_portal,0.9,AI/ML,Matched keywords: AI,['AI'],True
"Senior Machine Learning Engineer, Dash ",Dropbox,Not mentioned,Remote - US: All locations,2025-11-19T18:03:15-05:00,https://jobs.dropbox.com/listing/7384394?gh_jid=7384394,company_portal,0.9,Engineering,Matched keywords: Machine Learning,['Machine Learning'],True
"Senior Machine Learning Engineer, Dash ",Dropbox,Not mentioned,Remote - Canada: Select locations,2025-11-19T18:03:19-05:00,https://jobs.dropbox.com/listing/7384398?gh_jid=7384398,company_portal,0.9,Engineering,Matched keywords: Machine Learning,['Machine Learning'],True
"Senior Machine Learning Engineering Manager, Gen AI",Dropbox,Not mentioned,Remote - US: All locations,2025-11-17T18:25:30-05:00,https://jobs.dropbox.com/listing/7183793?gh_jid=7183793,company_portal,0.9,Engineering,"Matched keywords: AI, Machine Learning","['AI', 'Machine Learning']",True
"Senior Machine Learning Engineering Manager, Gen AI",Dropbox,Not mentioned,Remote - Canada: Select locations,2025-11-17T18:25:30-05:00,https://jobs.dropbox.com/listing/7183797?gh_jid=7183797,company_portal,0.9,Engineering,"Matched keywords: AI, Machine Learning","['AI', 'Machine Learning']",True
"Staff Data  Scientist, AI Products",Dropbox,Not mentioned,Remote - US: All locations,2025-11-17T18:25:30-05:00,https://jobs.dropbox.com/listing/7169446?gh_jid=7169446,company_portal,0.9,Research,Matched keywords: AI,['AI'],True
"Staff Data Scientist, AI Products",Dropbox,Not mentioned,Remote - Canada: Select locations,2025-11-17T18:25:30-05:00,https://jobs.dropbox.com/listing/7169449?gh_jid=7169449,company_portal,0.9,Research,Matched keywords: AI,['AI'],True
"Staff Product Manager, AI Eval Platform",Dropbox,Not mentioned,Remote - US: All locations,2025-11-17T18:25:30-05:00,https://jobs.dropbox.com/listing/7271574?gh_jid=7271574,company_portal,0.9,AI/ML,Matched keywords: AI,['AI'],True
"Staff Product Manager, AI Eval Platform",Dropbox,Not mentioned,Remote - Canada: Select locations,2025-11-17T18:25:30-05:00,https://jobs.dropbox.com/listing/7271579?gh_jid=7271579,company_portal,0.9,AI/ML,Matched keywords: AI,['AI'],True
"Director, Machine Learning Engineering, Programmatic Ads",Pinterest,Not mentioned,"San Francisco, CA, US; Palo Alto, CA, US; Seattle, WA, US; Los Angeles, CA, US",2025-11-26T14:08:09-05:00,https://www.pinterestcareers.com/jobs/?gh_jid=7354745,company_portal,0.9,Engineering,Matched keywords: Machine Learning,['Machine Learning'],True
"Director of Data Science, Ads Delivery & Performance",Pinterest,Not mentioned,"Seattle, WA, US; Remote, US",2025-11-14T16:06:09-05:00,https://www.pinterestcareers.com/jobs/?gh_jid=7344341,company_portal,0.9,AI/ML,Matched keywords: Data Science,['Data Science'],True
"Director of Data Science, Ads Measurement & Attribution",Pinterest,Not mentioned,"San Francisco, CA, US; Seattle, WA, US",2025-11-20T15:32:00-05:00,https://www.pinterestcareers.com/jobs/?gh_jid=7371354,company_portal,0.9,AI/ML,Matched keywords: Data Science,['Data Science'],True
"Distinguished Machine Learning Engineer, Monetization",Pinterest,Not mentioned,"San Francisco, CA, US; Palo Alto, CA, US; Seattle, WA, US; New York, NY, US",2025-11-26T14:07:40-05:00,https://www.pinterestcareers.com/jobs/?gh_jid=7251486,company_portal,0.9,Engineering,Matched keywords: Machine Learning,['Machine Learning'],True
"Engineering Manager II, Ads ML Training Infrastructure",Pinterest,Not mentioned,"San Francisco, CA, US; Palo Alto, CA, US; Seattle, WA, US",2025-11-14T16:06:09-05:00,https://www.pinterestcareers.com/jobs/?gh_jid=6865656,company_portal,0.9,Engineering,"Matched keywords: AI, ML","['AI', 'ML']",True
"Machine Learning Engineer, Core Engineering",Pinterest,Not mentioned,"San Francisco, CA, US; Palo Alto, CA, US; Seattle, WA, US; Remote, US",2025-11-14T16:06:09-05:00,https://www.pinterestcareers.com/jobs/?gh_jid=6121450,company_portal,0.9,Engineering,Matched keywords: Machine Learning,['Machine Learning'],True
"Machine Learning Engineer / Economist, Ads Marketplace",Pinterest,Not mentioned,"San Francisco, CA, US; Palo Alto, CA, US; Seattle, WA, US",2025-11-24T06:23:12-05:00,https://www.pinterestcareers.com/jobs/?gh_jid=7195341,company_portal,0.9,Engineering,Matched keywords: Machine Learning,['Machine Learning'],True
"Machine Learning Engineer, Monetization Engineering",Pinterest,Not mentioned,"San Francisco, CA, US; Palo Alto, CA, US; Seattle, WA, US",2025-11-14T16:06:09-05:00,https://www.pinterestcareers.com/jobs/?gh_jid=6121543,company_portal,0.9,Engineering,Matched keywords: Machine Learning,['Machine Learning'],True
"Manager II, Machine Learning Engineering, Ads Identity Modeling",Pinterest,Not mentioned,"San Francisco, CA, US; Palo Alto, CA, US; Seattle, WA, US",2025-11-24T19:22:01-05:00,https://www.pinterestcareers.com/jobs/?gh_jid=7362812,company_portal,0.9,Engineering,Matched keywords: Machine Learning,['Machine Learning'],True
"Manager II, Machine Learning Engineering, Ads Marketplace",Pinterest,Not mentioned,"San Francisco, CA, US; Palo Alto, CA, US; Seattle, WA, US",2025-11-26T14:06:31-05:00,https://www.pinterestcareers.com/jobs/?gh_jid=6482873,company_portal,0.9,Engineering,Matched keywords: Machine Learning,['Machine Learning'],True
"Manager II, Machine Learning Engineering, Core Engineering ",Pinterest,Not mentioned,"San Francisco, CA, US;  Remote, US",2025-11-14T16:06:09-05:00,https://www.pinterestcareers.com/jobs/?gh_jid=7075176,company_portal,0.9,Engineering,Matched keywords: Machine Learning,['Machine Learning'],True
Master's Machine Learning Internship 2026 (USA),Pinterest,Not mentioned,"San Francisco, CA, US; Palo Alto, CA, US; Seattle, WA, US; New York, NY, US",2025-11-14T16:06:09-05:00,https://www.pinterestcareers.com/jobs/?gh_jid=7210896,company_portal,0.9,AI/ML,Matched keywords: Machine Learning,['Machine Learning'],True
Master's Machine Learning Internship Summer Term 2026 (Toronto),Pinterest,Not mentioned,"Toronto, ON, CA",2025-11-19T19:53:18-05:00,https://www.pinterestcareers.com/jobs/?gh_jid=7268767,company_portal,0.9,AI/ML,Matched keywords: Machine Learning,['Machine Learning'],True
PhD Machine Learning Internship 2026 (USA) ,Pinterest,Not mentioned,"San Francisco, CA, US; Palo Alto, CA, US; Seattle, WA, US; New York, NY, US",2025-11-14T16:06:09-05:00,https://www.pinterestcareers.com/jobs/?gh_jid=7211004,company_portal,0.9,AI/ML,Matched keywords: Machine Learning,['Machine Learning'],True
	PhD University Grad Machine Learning Engineer 2026 (USA),Pinterest,Not mentioned,"San Francisco, CA, US; Palo Alto, CA, US; Seattle, WA, US",2025-11-14T16:06:09-05:00,https://www.pinterestcareers.com/jobs/?gh_jid=7252807,company_portal,0.9,Engineering,Matched keywords: Machine Learning,['Machine Learning'],True
"Principal Machine Learning Engineer, Ads Delivery",Pinterest,Not mentioned,"San Francisco, CA, US; Palo Alto, CA, US; Seattle, WA, US",2025-11-24T05:19:34-05:00,https://www.pinterestcareers.com/jobs/?gh_jid=6963868,company_portal,0.9,Engineering,Matched keywords: Machine Learning,['Machine Learning'],True
"Principal Machine Learning Engineer, Content & Trust Recommendations",Pinterest,Not mentioned,"San Francisco, CA, US; Remote, US",2025-11-26T14:06:13-05:00,https://www.pinterestcareers.com/jobs/?gh_jid=5036093,company_portal,0.9,Engineering,Matched keywords: Machine Learning,['Machine Learning'],True
"Principal Machine Learning Engineer, Monetization",Pinterest,Not mentioned,"San Francisco, CA, US; Palo Alto, CA, US; Seattle, WA, US",2025-11-14T16:06:09-05:00,https://www.pinterestcareers.com/jobs/?gh_jid=6697884,company_portal,0.9,Engineering,Matched keywords: Machine Learning,['Machine Learning'],True
Senior Director Machine Learning - Ads Engineering,Pinterest,Not mentioned,"Seattle, WA, US; Palo Alto, CA, US; San Francisco, CA, US",2025-11-19T13:21:51-05:00,https://www.pinterestcareers.com/jobs/?gh_jid=7383837,company_portal,0.9,Engineering,Matched keywords: Machine Learning,['Machine Learning'],True
"Sr. Client Partner, Retail",Pinterest,Not mentioned,"New York, NY, US",2025-11-24T15:45:11-05:00,https://www.pinterestcareers.com/jobs/?gh_jid=7351104,company_portal,0.9,AI/ML,Matched keywords: AI,['AI'],True
"Sr. Machine Learning Engineer, Applied Research Science ",Pinterest,Not mentioned,"San Francisco, CA, US; Palo Alto, CA, US; Seattle, WA, US",2025-11-20T20:16:38-05:00,https://www.pinterestcareers.com/jobs/?gh_jid=6121464,company_portal,0.9,Research,Matched keywords: Machine Learning,['Machine Learning'],True
"Sr. Machine Learning Engineer, Computer Vision",Pinterest,Not mentioned,"San Francisco, CA, US; Remote, US",2025-11-14T16:06:09-05:00,https://www.pinterestcareers.com/jobs/?gh_jid=6894747,company_portal,0.9,Engineering,"Matched keywords: Machine Learning, Computer Vision","['Machine Learning', 'Computer Vision']",True
"Sr. Machine Learning Engineer, Monetization Engineering",Pinterest,Not mentioned,"San Francisco, CA, US; Palo Alto, CA, US; Seattle, WA, US",2025-11-14T16:06:09-05:00,https://www.pinterestcareers.com/jobs/?gh_jid=6121551,company_portal,0.9,Engineering,Matched keywords: Machine Learning,['Machine Learning'],True
"Sr. Product Manager, AI/ML Personalization",Pinterest,Not mentioned,"San Francisco, CA, US; Remote, US",2025-11-26T14:08:40-05:00,https://www.pinterestcareers.com/jobs/?gh_jid=7368194,company_portal,0.9,AI/ML,"Matched keywords: AI, ML","['AI', 'ML']",True
"Sr. Product Manager, Content Safety - ML",Pinterest,Not mentioned,"San Francisco, CA, US; Remote, US",2025-11-14T16:06:09-05:00,https://www.pinterestcareers.com/jobs/?gh_jid=7219319,company_portal,0.9,AI/ML,Matched keywords: ML,['ML'],True
"Sr. Staff Machine Learning Engineer, Applied Research Science ",Pinterest,Not mentioned,"San Francisco, CA, US; Remote, US",2025-11-14T16:06:09-05:00,https://www.pinterestcareers.com/jobs/?gh_jid=7361377,company_portal,0.9,Research,Matched keywords: Machine Learning,['Machine Learning'],True
"Sr. Staff Machine Learning Engineer, Closeup Relevance ",Pinterest,Not mentioned,"Palo Alto, CA; Seattle, WA US",2025-11-26T14:06:32-05:00,https://www.pinterestcareers.com/jobs/?gh_jid=6482944,company_portal,0.9,Engineering,Matched keywords: Machine Learning,['Machine Learning'],True
"Sr. Staff Machine Learning Engineer, Homefeed",Pinterest,Not mentioned,"San Francisco, CA, US; Remote, US",2025-11-26T14:06:50-05:00,https://www.pinterestcareers.com/jobs/?gh_jid=6908633,company_portal,0.9,Engineering,Matched keywords: Machine Learning,['Machine Learning'],True
"Staff Machine Learning Engineer, Content Mining",Pinterest,Not mentioned,"Toronto, ON, CA; Remote, CA",2025-11-19T19:53:18-05:00,https://www.pinterestcareers.com/jobs/?gh_jid=7261464,company_portal,0.9,Engineering,Matched keywords: Machine Learning,['Machine Learning'],True
"Staff Machine Learning Engineer, Core Engineering",Pinterest,Not mentioned,"San Francisco, CA, US; Remote, US",2025-11-24T05:33:02-05:00,https://www.pinterestcareers.com/jobs/?gh_jid=6708983,company_portal,0.9,Engineering,Matched keywords: Machine Learning,['Machine Learning'],True
"Staff Machine Learning Engineer, User Understanding",Pinterest,Not mentioned,"San Francisco, CA, US; Remote, US",2025-11-26T14:07:53-05:00,https://www.pinterestcareers.com/jobs/?gh_jid=7339274,company_portal,0.9,Engineering,Matched keywords: Machine Learning,['Machine Learning'],True
"Staff Product Manager, AI/ML Personalization",Pinterest,Not mentioned,"San Francisco, CA, US; Remote, US",2025-11-14T16:06:09-05:00,https://www.pinterestcareers.com/jobs/?gh_jid=6576120,company_portal,0.9,AI/ML,"Matched keywords: AI, ML","['AI', 'ML']",True
"Strategic Partner Manager, Content, Branded Communities [Art, Entertainment, and Emerging Verticals]",Pinterest,Not mentioned,"New York, NY, US; Remote, US",2025-11-26T14:07:21-05:00,https://www.pinterestcareers.com/jobs/?gh_jid=7172250,company_portal,0.9,AI/ML,Matched keywords: AI,['AI'],True
Graduate Data Science Intern,Twitch,Not mentioned,"San Francisco, CA",2025-11-19T17:18:24-05:00,https://job-boards.greenhouse.io/twitch/jobs/8221777002,company_portal,0.9,AI/ML,Matched keywords: Data Science,['Data Science'],True
"Software Engineer II, ML Infra",Twitch,Not mentioned,"San Francisco, CA",2025-11-19T16:56:49-05:00,https://job-boards.greenhouse.io/twitch/jobs/8219251002,company_portal,0.9,Engineering,Matched keywords: ML,['ML'],True
"Software Engineer, ML",Twitch,Not mentioned,"Seattle, WA",2025-11-19T16:56:49-05:00,https://job-boards.greenhouse.io/twitch/jobs/8213985002,company_portal,0.9,Engineering,Matched keywords: ML,['ML'],True
"Software Engineer, ML",Twitch,Not mentioned,New York City,2025-11-19T16:56:49-05:00,https://job-boards.greenhouse.io/twitch/jobs/8221643002,company_portal,0.9,Engineering,Matched keywords: ML,['ML'],True
"Software Engineer, ML Products",Twitch,Not mentioned,"San Francisco, CA",2025-11-19T16:56:49-05:00,https://job-boards.greenhouse.io/twitch/jobs/8183360002,company_portal,0.9,Engineering,Matched keywords: ML,['ML'],True
"Account Executive, AI Startups - Existing Business",Stripe,Not mentioned,San Francisco,2025-11-19T16:52:50-05:00,https://stripe.com/jobs/search?gh_jid=7350884,company_portal,0.9,AI/ML,Matched keywords: AI,['AI'],True
"AI/ML Engineering Manager, Payment Intelligence",Stripe,Not mentioned,"US-SF, US-NYC, US-SEA",2025-11-14T15:52:36-05:00,https://stripe.com/jobs/search?gh_jid=7286376,company_portal,0.9,Engineering,"Matched keywords: AI, ML, ML Engineer","['AI', 'ML', 'ML Engineer']",True
"Global Strategic Alliances Lead, Agentic Commerce and Retail Industry",Stripe,Not mentioned,"SF, Seattle, New York, Chicago",2025-11-19T09:12:19-05:00,https://stripe.com/jobs/search?gh_jid=7227036,company_portal,0.9,AI/ML,Matched keywords: AI,['AI'],True
"Global Strategic Alliances Lead, Agentic Commerce and Retail Industry",Stripe,Not mentioned,"SF, Seattle, New York, Chicago",2025-11-20T18:01:40-05:00,https://stripe.com/jobs/search?gh_jid=7327143,company_portal,0.9,AI/ML,Matched keywords: AI,['AI'],True
Head of Integrated Campaigns,Stripe,Not mentioned,"NYC, San Francisco, Seattle ",2025-11-19T09:12:37-05:00,https://stripe.com/jobs/search?gh_jid=7343431,company_portal,0.9,AI/ML,Matched keywords: AI,['AI'],True
Integrated Campaigns Manager,Stripe,Not mentioned,"NYC, SF, Seattle",2025-11-19T09:12:41-05:00,https://stripe.com/jobs/search?gh_jid=7354941,company_portal,0.9,AI/ML,Matched keywords: AI,['AI'],True
International Communications - Campaigns,Stripe,Not mentioned,London,2025-11-19T10:18:42-05:00,https://stripe.com/jobs/search?gh_jid=6482046,company_portal,0.9,AI/ML,Matched keywords: AI,['AI'],True
"Machine Learning Engineer, Foundation Model",Stripe,Not mentioned,US - San Francisco; Seattle; New York City,2025-11-19T09:12:27-05:00,https://stripe.com/jobs/search?gh_jid=7275014,company_portal,0.9,Engineering,Matched keywords: Machine Learning,['Machine Learning'],True
"Machine Learning Engineer, Identity Product",Stripe,Not mentioned,"San Francisco, Seattle",2025-11-14T15:52:31-05:00,https://stripe.com/jobs/search?gh_jid=6363655,company_portal,0.9,Engineering,Matched keywords: Machine Learning,['Machine Learning'],True
"Machine Learning Engineer, Payments ML Accelerator",Stripe,Not mentioned,Seattle; San Francisco; New York City,2025-11-19T08:35:12-05:00,https://stripe.com/jobs/search?gh_jid=7079044,company_portal,0.9,Engineering,"Matched keywords: Machine Learning, ML","['Machine Learning', 'ML']",True
"Manager, Financial Crimes (AML)",Stripe,Not mentioned,Mexico City,2025-11-19T09:11:30-05:00,https://stripe.com/jobs/search?gh_jid=6785098,company_portal,0.9,AI/ML,Matched keywords: ML,['ML'],True
"Operations Associate, Financial Crimes (AML Investigations)",Stripe,Not mentioned,Mexico City,2025-11-19T09:09:34-05:00,https://stripe.com/jobs/search?gh_jid=5902523,company_portal,0.9,AI/ML,Matched keywords: ML,['ML'],True
Operations Manager (FinCrime - AML/EDD),Stripe,Not mentioned,LOCATION,2025-11-19T09:12:19-05:00,https://stripe.com/jobs/search?gh_jid=7227705,company_portal,0.9,AI/ML,Matched keywords: ML,['ML'],True
"Partner Development Manager, Strategic and AI Partnerships",Stripe,Not mentioned,Toronto / US Remote,2025-11-19T09:12:24-05:00,https://stripe.com/jobs/search?gh_jid=7253023,company_portal,0.9,AI/ML,Matched keywords: AI,['AI'],True
"PhD Machine Learning Engineer, Intern",Stripe,Not mentioned,"San Francisco, New York City, Seattle",2025-11-19T09:12:18-05:00,https://stripe.com/jobs/search?gh_jid=7216664,company_portal,0.9,Engineering,Matched keywords: Machine Learning,['Machine Learning'],True
"PhD Machine Learning Engineer, New Grad",Stripe,Not mentioned,"San Francisco, New York City, Seattle",2025-11-19T09:12:18-05:00,https://stripe.com/jobs/search?gh_jid=7216668,company_portal,0.9,Engineering,Matched keywords: Machine Learning,['Machine Learning'],True
"SDC Operations Manager, Financial Crimes (AML)",Stripe,Not mentioned,Bengaluru,2025-11-19T09:12:35-05:00,https://stripe.com/jobs/search?gh_jid=7325566,company_portal,0.9,AI/ML,Matched keywords: ML,['ML'],True
"Software Engineer, Machine Learning Infrastructure",Stripe,Not mentioned,"Toronto, Canada",2025-11-19T10:17:00-05:00,https://stripe.com/jobs/search?gh_jid=6099228,company_portal,0.9,Engineering,Matched keywords: Machine Learning,['Machine Learning'],True
"Software Engineer,Service Ecosystem Sustainability ",Stripe,Not mentioned,Bengaluru,2025-11-19T09:11:48-05:00,https://stripe.com/jobs/search?gh_jid=6967304,company_portal,0.9,Engineering,Matched keywords: AI,['AI'],True
"Staff ML Engineer, ML Foundations",Stripe,Not mentioned,"US-SF, US-NYC, US-SEA",2025-11-14T15:52:36-05:00,https://stripe.com/jobs/search?gh_jid=7278350,company_portal,0.9,Engineering,"Matched keywords: ML, ML Engineer","['ML', 'ML Engineer']",True
"Staff Product Designer, Developer AI",Stripe,Not mentioned,US / Canada,2025-11-19T09:12:09-05:00,https://stripe.com/jobs/search?gh_jid=7164051,company_portal,0.9,Engineering,Matched keywords: AI,['AI'],True
"Strategy and Operations, AI Go-to-market strategy    ",Stripe,Not mentioned,"San Francisco, CA; New York, NY; Seattle, WA; Chicago, IL; Atlanta, GA",2025-11-19T09:12:38-05:00,https://stripe.com/jobs/search?gh_jid=7344450,company_portal,0.9,AI/ML,Matched keywords: AI,['AI'],True
"Strategy & Operations, AI Growth",Stripe,Not mentioned,"San Francisco, CA; Seattle, WA; New York, NY ",2025-11-19T09:12:38-05:00,https://stripe.com/jobs/search?gh_jid=7344451,company_portal,0.9,AI/ML,Matched keywords: AI,['AI'],True
AI Revenue Operations Analyst - AMER,GitLab,Not mentioned,"Remote, Canada; Remote, US",2025-10-31T22:15:34-04:00,https://job-boards.greenhouse.io/gitlab/jobs/8192245002,company_portal,0.9,Data Science,Matched keywords: AI,['AI'],True
"Engineering Manager, Fulfillment ",GitLab,Not mentioned,"Remote, Canada; Remote, North America",2025-11-06T06:17:51-05:00,https://job-boards.greenhouse.io/gitlab/jobs/8239293002,company_portal,0.9,Engineering,Matched keywords: LLM,['LLM'],True
"Engineering Manager, Software Supply Chain Security: Auth Infrastructure",GitLab,Not mentioned,"Remote, Canada; Remote, EMEA; Remote, US",2025-11-26T15:21:49-05:00,https://job-boards.greenhouse.io/gitlab/jobs/8158501002,company_portal,0.9,Engineering,Matched keywords: AI,['AI'],True
"Intermediate Backend Engineer (Ruby), AI Engineering, Custom Models",GitLab,Not mentioned,"Remote, Americas; Remote, EMEA",2025-11-27T06:43:43-05:00,https://job-boards.greenhouse.io/gitlab/jobs/8207075002,company_portal,0.9,Engineering,"Matched keywords: AI, AI Engineer","['AI', 'AI Engineer']",True
"Intermediate Fullstack Engineer (Ruby on Rails & Vue.js), Plan: Knowledge",GitLab,Not mentioned,"Remote, APAC; Remote, EMEA",2025-10-31T22:15:34-04:00,https://job-boards.greenhouse.io/gitlab/jobs/8157484002,company_portal,0.9,Engineering,Matched keywords: AI,['AI'],True
New Business Account Executive - Mumbai ,GitLab,Not mentioned,Remote,2025-11-25T22:41:39-05:00,https://job-boards.greenhouse.io/gitlab/jobs/8302405002,company_portal,0.9,AI/ML,Matched keywords: AI,['AI'],True
"Senior Backend Engineer(Golang),Software Supply Chain Security: Auth Infrastructure",GitLab,Not mentioned,"Remote, Americas; Remote, APAC; Remote, Canada",2025-11-27T07:01:16-05:00,https://job-boards.greenhouse.io/gitlab/jobs/8157520002,company_portal,0.9,Engineering,Matched keywords: AI,['AI'],True
"Senior Fullstack Engineer (RoR/vue.js), Software Supply Chain Security: Authorization",GitLab,Not mentioned,"Remote, Canada; Remote, Netherlands; Remote, United Kingdom",2025-11-26T16:57:32-05:00,https://job-boards.greenhouse.io/gitlab/jobs/8230719002,company_portal,0.9,Engineering,Matched keywords: AI,['AI'],True
"Senior Product Design Manager, AI",GitLab,Not mentioned,"Remote, Canada; Remote, EMEA; Remote, US",2025-10-31T22:15:34-04:00,https://job-boards.greenhouse.io/gitlab/jobs/8117285002,company_portal,0.9,AI/ML,Matched keywords: AI,['AI'],True
"Staff AI Engineer, AI Engineering",GitLab,Not mentioned,"Remote, US",2025-11-21T14:41:23-05:00,https://job-boards.greenhouse.io/gitlab/jobs/8302944002,company_portal,0.9,Engineering,"Matched keywords: AI, AI Engineer","['AI', 'AI Engineer']",True
"Staff Backend Engineer, AI Engineering: Code Creation (Ruby and Python)",GitLab,Not mentioned,Remote,2025-10-31T22:15:34-04:00,https://job-boards.greenhouse.io/gitlab/jobs/8199789002,company_portal,0.9,Engineering,"Matched keywords: AI, AI Engineer","['AI', 'AI Engineer']",True
"Staff Backend Engineer (Python), AI Engineering: Agent Foundations ",GitLab,Not mentioned,"Remote, EMEA",2025-11-27T07:10:12-05:00,https://job-boards.greenhouse.io/gitlab/jobs/8225837002,company_portal,0.9,Engineering,"Matched keywords: AI, AI Engineer","['AI', 'AI Engineer']",True
"Staff Fullstack Engineer (Python/Vue.js), AI Engineering: Duo Chat",GitLab,Not mentioned,"Remote, Americas; Remote, EMEA",2025-11-27T07:17:08-05:00,https://job-boards.greenhouse.io/gitlab/jobs/8202813002,company_portal,0.9,Engineering,"Matched keywords: AI, AI Engineer","['AI', 'AI Engineer']",True
Strategic Account Executive - Spain ,GitLab,Not mentioned,"Remote, Spain",2025-11-27T09:47:13-05:00,https://job-boards.greenhouse.io/gitlab/jobs/8285402002,company_portal,0.9,AI/ML,Matched keywords: AI,['AI'],True
AI Automation Lead I,Instacart,Not mentioned,"Canada - Remote (ON, AB, BC, or NS Only)",2025-11-10T23:32:06-05:00,https://instacart.careers/job/?gh_jid=7269456,company_portal,0.9,AI/ML,Matched keywords: AI,['AI'],True
Campaign Operations Lead (Contractor) ,Instacart,Not mentioned,United States - Remote,2025-11-10T23:26:43-05:00,https://instacart.careers/job/?gh_jid=7370948,company_portal,0.9,AI/ML,Matched keywords: AI,['AI'],True
"Director, AI Solutions Strategy & Planning",Instacart,Not mentioned,"Canada - Remote (ON, AB, BC, or NS Only)",2025-11-17T17:19:11-05:00,https://instacart.careers/job/?gh_jid=7403584,company_portal,0.9,AI/ML,Matched keywords: AI,['AI'],True
"Director, AI Solutions Strategy & Planning",Instacart,Not mentioned,United States - Remote,2025-11-17T17:19:10-05:00,https://instacart.careers/job/?gh_jid=7403582,company_portal,0.9,AI/ML,Matched keywords: AI,['AI'],True
"Engineering Manager, Fulfillment Applications",Instacart,Not mentioned,United States - Remote,2025-11-18T12:06:13-05:00,https://instacart.careers/job/?gh_jid=7329457,company_portal,0.9,Engineering,Matched keywords: LLM,['LLM'],True
"Government Affairs Manager II, Southeast",Instacart,Not mentioned,United States - Remote,2025-09-29T17:48:02-04:00,https://instacart.careers/job/?gh_jid=7283982,company_portal,0.9,AI/ML,Matched keywords: AI,['AI'],True
"Machine Learning Engineer II, Economist",Instacart,Not mentioned,United States - Remote,2025-11-19T14:31:49-05:00,https://instacart.careers/job/?gh_jid=6427442,company_portal,0.9,Engineering,Matched keywords: Machine Learning,['Machine Learning'],True
"Machine Learning Engineer II, Fraud",Instacart,Not mentioned,"Canada - Remote (ON, BC, AB, or NS only)",2025-11-25T16:02:41-05:00,https://instacart.careers/job/?gh_jid=7341205,company_portal,0.9,Engineering,Matched keywords: Machine Learning,['Machine Learning'],True
"Manager, Product Design - Retailer Platform",Instacart,Not mentioned,United States - Remote,2025-11-12T18:19:23-05:00,https://instacart.careers/job/?gh_jid=7375717,company_portal,0.9,AI/ML,Matched keywords: AI,['AI'],True
"Manager, Product Design - Retailer Platform",Instacart,Not mentioned,"Canada - Remote (ON, AB, BC, or NS Only)",2025-11-12T18:20:13-05:00,https://instacart.careers/job/?gh_jid=7181725,company_portal,0.9,AI/ML,Matched keywords: AI,['AI'],True
Senior Business Systems Analyst - Supply Chain Management (SCM),Instacart,Not mentioned,United States - Remote,2025-11-12T18:58:31-05:00,https://instacart.careers/job/?gh_jid=7384000,company_portal,0.9,Engineering,Matched keywords: AI,['AI'],True
"Senior Content Designer II (L6), Fulfillment",Instacart,Not mentioned,United States - Remote,2025-11-26T17:38:46-05:00,https://instacart.careers/job/?gh_jid=7294813,company_portal,0.9,AI/ML,Matched keywords: LLM,['LLM'],True
"Senior Content Designer II (L6), Fulfillment",Instacart,Not mentioned," (Canada - Remote (ON, AB, BC, or NS Only))",2025-11-26T17:38:47-05:00,https://instacart.careers/job/?gh_jid=7414664,company_portal,0.9,AI/ML,Matched keywords: LLM,['LLM'],True
Senior Federal Affairs Manager,Instacart,Not mentioned,Washington D.C. - Remote,2025-11-13T18:25:42-05:00,https://instacart.careers/job/?gh_jid=7289281,company_portal,0.9,AI/ML,Matched keywords: AI,['AI'],True
Senior Machine Learning Engineer,Instacart,Not mentioned,"Canada - Remote (AB, BC, ON, NS ONLY)",2025-11-13T18:40:14-05:00,https://instacart.careers/job/?gh_jid=6716788,company_portal,0.9,Engineering,Matched keywords: Machine Learning,['Machine Learning'],True
Senior Machine Learning Engineer - Applied AI,Instacart,Not mentioned,"Canada - Remote (ON, AB, BC, or NS Only)",2025-11-13T18:41:31-05:00,https://instacart.careers/job/?gh_jid=7358005,company_portal,0.9,Engineering,"Matched keywords: AI, Machine Learning","['AI', 'Machine Learning']",True
"Senior Machine Learning Engineer, Caper ",Instacart,Not mentioned,United States - Remote ,2025-11-24T12:17:28-05:00,https://instacart.careers/job/?gh_jid=7012161,company_portal,0.9,Engineering,Matched keywords: Machine Learning,['Machine Learning'],True
Senior Machine Learning Engineer II - Growth Modeling,Instacart,Not mentioned,United States - Remote,2025-11-24T15:52:11-05:00,https://instacart.careers/job/?gh_jid=6430001,company_portal,0.9,Engineering,Matched keywords: Machine Learning,['Machine Learning'],True
Senior Machine Learning Engineer - Search & Recommendations Ranking,Instacart,Not mentioned,United States - Remote,2025-11-13T18:37:52-05:00,https://instacart.careers/job/?gh_jid=7095174,company_portal,0.9,Engineering,Matched keywords: Machine Learning,['Machine Learning'],True
"Senior Manager, Paid Social Lead",Instacart,Not mentioned,United States - Remote,2025-11-13T18:59:46-05:00,https://instacart.careers/job/?gh_jid=7288566,company_portal,0.9,AI/ML,Matched keywords: AI,['AI'],True
"Senior Manager Software Engineering, AI Experiences",Instacart,Not mentioned,USA - Remote,2025-11-26T12:51:49-05:00,https://instacart.careers/job/?gh_jid=7429459,company_portal,0.9,Engineering,Matched keywords: AI,['AI'],True
"Senior Software Engineer, Enterprise Fulfillment",Instacart,Not mentioned,"Canada - Remote (ON, AB, BC, or NS Only)",2025-11-20T17:47:56-05:00,https://instacart.careers/job/?gh_jid=7247802,company_portal,0.9,Engineering,Matched keywords: LLM,['LLM'],True
"Senior Software Engineering Manager, AI & Developer Productivity",Instacart,Not mentioned,United States - Remote,2025-11-13T19:04:28-05:00,https://instacart.careers/job/?gh_jid=7260421,company_portal,0.9,Engineering,Matched keywords: AI,['AI'],True
"Software Engineer II, Paid MarTech",Instacart,Not mentioned," Canada - Remote (ON, AB or BC Only)",2025-11-25T17:02:26-05:00,https://instacart.careers/job/?gh_jid=6461659,company_portal,0.9,Engineering,Matched keywords: AI,['AI'],True
Staff Machine Learning Engineer  - Inventory Intelligence,Instacart,Not mentioned,United States - Remote,2025-11-21T15:58:15-05:00,https://instacart.careers/job/?gh_jid=7411487,company_portal,0.9,Engineering,Matched keywords: Machine Learning,['Machine Learning'],True
Claims Advocate,Lyft,Not mentioned,"Nashville, TN",2025-11-13T14:11:43-05:00,https://app.careerpuck.com/job-board/lyft/job/8120517002?gh_jid=8120517002,company_portal,0.9,AI/ML,Matched keywords: AI,['AI'],True
"Data Science Manager, Real-Time Supply Management (Optimization)",Lyft,Not mentioned,"Toronto, Canada",2025-10-13T13:35:35-04:00,https://app.careerpuck.com/job-board/lyft/job/7997581002?gh_jid=7997581002,company_portal,0.9,AI/ML,Matched keywords: Data Science,['Data Science'],True
Hardware Supply Chain Program Manager Intern (Summer 2026),Lyft,Not mentioned,"San Francisco, CA",2025-11-20T13:53:13-05:00,https://app.careerpuck.com/job-board/lyft/job/8290361002?gh_jid=8290361002,company_portal,0.9,AI/ML,Matched keywords: AI,['AI'],True
"Machine Learning Engineer, Mapping",Lyft,Not mentioned,"Toronto, Canada",2025-11-12T08:50:08-05:00,https://app.careerpuck.com/job-board/lyft/job/8284517002?gh_jid=8284517002,company_portal,0.9,Engineering,Matched keywords: Machine Learning,['Machine Learning'],True
"Senior Data Scientist, Rider Applied AI",Lyft,Not mentioned,"Toronto, Canada",2025-10-28T12:10:48-04:00,https://app.careerpuck.com/job-board/lyft/job/8010077002?gh_jid=8010077002,company_portal,0.9,Research,Matched keywords: AI,['AI'],True
"Senior Machine Learning Engineer, Mapping ",Lyft,Not mentioned,"Toronto, Canada",2025-11-20T11:50:46-05:00,https://app.careerpuck.com/job-board/lyft/job/8284511002?gh_jid=8284511002,company_portal,0.9,Engineering,Matched keywords: Machine Learning,['Machine Learning'],True
"Senior Machine Learning Engineer, Recommendations",Lyft,Not mentioned,"Toronto, Canada",2025-09-29T11:59:02-04:00,https://app.careerpuck.com/job-board/lyft/job/8039964002?gh_jid=8039964002,company_portal,0.9,Engineering,Matched keywords: Machine Learning,['Machine Learning'],True
"Senior Software Engineer (backend), AI",Lyft,Not mentioned,"New York, NY",2025-10-24T12:45:29-04:00,https://app.careerpuck.com/job-board/lyft/job/8221138002?gh_jid=8221138002,company_portal,0.9,Engineering,Matched keywords: AI,['AI'],True
"Senior Software Engineer (Backend), AI",Lyft,Not mentioned,"San Francisco, CA",2025-10-24T12:45:28-04:00,https://app.careerpuck.com/job-board/lyft/job/8221122002?gh_jid=8221122002,company_portal,0.9,Engineering,Matched keywords: AI,['AI'],True
"Software Engineer, Developer Experience - AI ",Lyft,Not mentioned,"Toronto, Canada",2025-11-19T16:36:17-05:00,https://app.careerpuck.com/job-board/lyft/job/8295506002?gh_jid=8295506002,company_portal,0.9,Engineering,Matched keywords: AI,['AI'],True
"Software Engineer Intern, Machine Learning (Summer 2026)",Lyft,Not mentioned,"Toronto, Canada",2025-09-26T20:28:24-04:00,https://app.careerpuck.com/job-board/lyft/job/8168699002?gh_jid=8168699002,company_portal,0.9,Engineering,Matched keywords: Machine Learning,['Machine Learning'],True
Stagiaire - Spécialiste en Gestion de Comptes Techniques (été 2026),Lyft,Not mentioned,"Montreal, Canada",2025-11-23T23:24:31-05:00,https://app.careerpuck.com/job-board/lyft/job/8291056002?gh_jid=8291056002,company_portal,0.9,AI/ML,Matched keywords: AI,['AI'],True
AI Infrastructure Architect,Okta,Not mentioned,"Bellevue, Washington",2025-11-25T15:05:54-05:00,https://www.okta.com/company/careers/opportunity/7122284?gh_jid=7122284,company_portal,0.9,AI/ML,Matched keywords: AI,['AI'],True
"Director, Product Management - Auth0 AI Products",Okta,Not mentioned,"San Francisco, California",2025-11-06T13:10:21-05:00,https://www.okta.com/company/careers/opportunity/7248867?gh_jid=7248867,company_portal,0.9,AI/ML,Matched keywords: AI,['AI'],True
Distinguished AI Advisor,Okta,Not mentioned,"Bellevue, Washington; Chicago, Illinois; New York, New York; San Francisco, California; Washington, DC",2025-11-06T13:10:21-05:00,https://www.okta.com/company/careers/opportunity/7179035?gh_jid=7179035,company_portal,0.9,AI/ML,Matched keywords: AI,['AI'],True
"Enterprise Account Executive - Retail, Gaming, and Consumer",Okta,Not mentioned,"Tokyo, Japan",2025-11-06T13:10:21-05:00,https://www.okta.com/company/careers/opportunity/6722059?gh_jid=6722059,company_portal,0.9,AI/ML,Matched keywords: AI,['AI'],True
"Senior Software Engineer, AI Agentic Experience (Auth0)",Okta,Not mentioned,"San Francisco, California",2025-11-25T09:54:43-05:00,https://www.okta.com/company/careers/opportunity/7305744?gh_jid=7305744,company_portal,0.9,Engineering,Matched keywords: AI,['AI'],True
Senior Software Engineer - AI Authentication (Auth for GenAI),Okta,Not mentioned,"Barcelona, Spain",2025-11-06T13:10:21-05:00,https://www.okta.com/company/careers/opportunity/7217858?gh_jid=7217858,company_portal,0.9,Engineering,Matched keywords: AI,['AI'],True
"Senior Software Engineer, AI Ecosystems (Auth0)",Okta,Not mentioned,"Barcelona, Spain",2025-11-06T13:10:21-05:00,https://www.okta.com/company/careers/opportunity/7238529?gh_jid=7238529,company_portal,0.9,Engineering,Matched keywords: AI,['AI'],True
"Senior Software Engineer, AI Ecosystems (Auth0)",Okta,Not mentioned,"Toronto, Ontario, Canada",2025-11-06T13:10:21-05:00,https://www.okta.com/company/careers/opportunity/7229041?gh_jid=7229041,company_portal,0.9,Engineering,Matched keywords: AI,['AI'],True
"Senior Software Engineer, AI Frameworks & Services (Auth0)",Okta,Not mentioned,"Toronto, Ontario, Canada",2025-11-17T19:27:08-05:00,https://www.okta.com/company/careers/opportunity/7387005?gh_jid=7387005,company_portal,0.9,Engineering,Matched keywords: AI,['AI'],True
Staff AI/ML Analytics Engineer,Okta,Not mentioned,"Bellevue, Washington; San Francisco, California",2025-11-06T13:10:21-05:00,https://www.okta.com/company/careers/opportunity/7365398?gh_jid=7365398,company_portal,0.9,Engineering,"Matched keywords: AI, ML","['AI', 'ML']",True
"Staff Machine Learning Engineer, AIFS (Auth0)",Okta,Not mentioned,"Toronto, Ontario, Canada",2025-11-06T13:10:21-05:00,https://www.okta.com/company/careers/opportunity/6988479?gh_jid=6988479,company_portal,0.9,Engineering,"Matched keywords: AI, Machine Learning","['AI', 'Machine Learning']",True
"Staff Software Engineer, AI Agentic Experience (Auth0)",Okta,Not mentioned,"San Francisco, California",2025-11-25T09:55:03-05:00,https://www.okta.com/company/careers/opportunity/7308745?gh_jid=7308745,company_portal,0.9,Engineering,Matched keywords: AI,['AI'],True
" Staff Software Engineer, AI & Automation",Okta,Not mentioned,"Bengaluru, India",2025-11-06T13:10:21-05:00,https://www.okta.com/company/careers/opportunity/6949710?gh_jid=6949710,company_portal,0.9,Engineering,Matched keywords: AI,['AI'],True
"Staff Software Engineer, AI Ecosystems (Auth0)",Okta,Not mentioned,"Toronto, Ontario, Canada",2025-11-06T13:10:21-05:00,https://www.okta.com/company/careers/opportunity/7229037?gh_jid=7229037,company_portal,0.9,Engineering,Matched keywords: AI,['AI'],True
Strategic AI Initiatives Senior Manager,Okta,Not mentioned,"Bellevue, Washington; San Francisco, California",2025-11-06T13:10:21-05:00,https://www.okta.com/company/careers/opportunity/7193294?gh_jid=7193294,company_portal,0.9,AI/ML,Matched keywords: AI,['AI'],True
"Senior Product Manager, AIOps",PagerDuty,Not mentioned,Remote (USA),2025-11-07T17:47:54-05:00,https://job-boards.greenhouse.io/pagerduty/jobs/5691990004,company_portal,0.9,AI/ML,Matched keywords: AI,['AI'],True
"Senior Product Manager, AIOps",PagerDuty,Not mentioned,Remote (Canada),2025-11-07T17:47:55-05:00,https://job-boards.greenhouse.io/pagerduty/jobs/5703267004,company_portal,0.9,AI/ML,Matched keywords: AI,['AI'],True
"Sr Director, Product Management - AI & Automation",PagerDuty,Not mentioned,Remote (Canada),2025-11-04T09:50:56-05:00,https://job-boards.greenhouse.io/pagerduty/jobs/5612980004,company_portal,0.9,AI/ML,Matched keywords: AI,['AI'],True
"Sr Director, Product Management - AI & Automation",PagerDuty,Not mentioned,Remote (USA),2025-11-04T09:50:56-05:00,https://job-boards.greenhouse.io/pagerduty/jobs/5610341004,company_portal,0.9,AI/ML,Matched keywords: AI,['AI'],True
Staff Engineer – Ops Cloud Platform - Ruby on Rails,PagerDuty,Not mentioned,Atlanta,2025-11-04T09:50:56-05:00,https://job-boards.greenhouse.io/pagerduty/jobs/5613415004,company_portal,0.9,Engineering,Matched keywords: AI,['AI'],True
Staff Engineer – Ops Cloud Platform - Ruby on Rails,PagerDuty,Not mentioned,Toronto,2025-11-04T09:50:56-05:00,https://job-boards.greenhouse.io/pagerduty/jobs/5620837004,company_portal,0.9,Engineering,Matched keywords: AI,['AI'],True
Staff Engineer – Ops Cloud Platform - Ruby on Rails (Remote),PagerDuty,Not mentioned,Remote (USA),2025-11-13T11:08:35-05:00,https://job-boards.greenhouse.io/pagerduty/jobs/5707505004,company_portal,0.9,Engineering,Matched keywords: AI,['AI'],True
Staff Engineer – Ops Cloud Platform - Ruby on Rails (Remote),PagerDuty,Not mentioned,Remote (Canada),2025-11-13T11:08:36-05:00,https://job-boards.greenhouse.io/pagerduty/jobs/5707508004,company_portal,0.9,Engineering,Matched keywords: AI,['AI'],True
"Head of Compliance, Policy & Regulatory Affairs",Peloton,Not mentioned,"New York, New York",2025-11-18T11:47:09-05:00,https://careers.onepeloton.com/en/all-jobs/?gh_jid=7290828,company_portal,0.9,AI/ML,Matched keywords: AI,['AI'],True
"Manager, Engineering, AI/ML Data and Infrastructure",Peloton,Not mentioned,"New York, New York",2025-10-27T16:44:48-04:00,https://careers.onepeloton.com/en/all-jobs/?gh_jid=7360381,company_portal,0.9,Engineering,"Matched keywords: AI, ML","['AI', 'ML']",True
Sr. Director of Digital Innovation and Enterprise AI,Peloton,Not mentioned,"New York, New York",2025-11-24T21:47:40-05:00,https://careers.onepeloton.com/en/all-jobs/?gh_jid=7406510,company_portal,0.9,AI/ML,Matched keywords: AI,['AI'],True
Sr. Sustaining Engineer,Peloton,Not mentioned,"Taichung City, Taiwan",2025-10-02T03:52:51-04:00,https://careers.onepeloton.com/en/all-jobs/?gh_jid=7268718,company_portal,0.9,Engineering,Matched keywords: AI,['AI'],True
"Ads Machine Learning Engineering Manager, Measurement Modeling",Reddit,Not mentioned,Remote - United States,2025-10-02T17:34:12-04:00,https://job-boards.greenhouse.io/reddit/jobs/6994869,company_portal,0.9,Engineering,Matched keywords: Machine Learning,['Machine Learning'],True
"Data Science Manager, User Growth",Reddit,Not mentioned,Remote - United States,2025-10-13T22:10:10-04:00,https://job-boards.greenhouse.io/reddit/jobs/6686373,company_portal,0.9,AI/ML,Matched keywords: Data Science,['Data Science'],True
Director of Consumer Data Science,Reddit,Not mentioned,Remote - United States,2025-11-18T15:50:54-05:00,https://job-boards.greenhouse.io/reddit/jobs/7392239,company_portal,0.9,AI/ML,Matched keywords: Data Science,['Data Science'],True
"Machine Learning Engineer, Ads",Reddit,Not mentioned,"Remote - Ontario, Canada",2025-09-24T23:10:38-04:00,https://job-boards.greenhouse.io/reddit/jobs/7131934,company_portal,0.9,Engineering,Matched keywords: Machine Learning,['Machine Learning'],True
"Machine Learning Engineer, Ads",Reddit,Not mentioned,Remote - United States,2025-09-24T23:10:38-04:00,https://job-boards.greenhouse.io/reddit/jobs/7131932,company_portal,0.9,Engineering,Matched keywords: Machine Learning,['Machine Learning'],True
"Machine Learning Engineer, Search and Answers",Reddit,Not mentioned,Remote - United States,2025-09-24T23:10:25-04:00,https://job-boards.greenhouse.io/reddit/jobs/6534982,company_portal,0.9,Engineering,Matched keywords: Machine Learning,['Machine Learning'],True
Machine Learning Manager - Ads Marketplace Quality,Reddit,Not mentioned,Remote - United States,2025-11-14T10:05:01-05:00,https://job-boards.greenhouse.io/reddit/jobs/7305255,company_portal,0.9,AI/ML,Matched keywords: Machine Learning,['Machine Learning'],True
Machine Learning Manager - Ads Marketplace Quality,Reddit,Not mentioned,"Remote - Ontario, Canada",2025-11-14T10:06:13-05:00,https://job-boards.greenhouse.io/reddit/jobs/7397179,company_portal,0.9,AI/ML,Matched keywords: Machine Learning,['Machine Learning'],True
"Machine Learning Manager, Notifications Relevance",Reddit,Not mentioned,Remote - United States,2025-10-20T19:56:38-04:00,https://job-boards.greenhouse.io/reddit/jobs/7340793,company_portal,0.9,AI/ML,Matched keywords: Machine Learning,['Machine Learning'],True
Machine Learning Manager - PF&O (Recommendations & Forecasting),Reddit,Not mentioned,Remote - United States,2025-11-14T10:03:14-05:00,https://job-boards.greenhouse.io/reddit/jobs/7059087,company_portal,0.9,AI/ML,Matched keywords: Machine Learning,['Machine Learning'],True
Machine Learning Manager - PF&O (Recommendations & Forecasting),Reddit,Not mentioned,"Remote - Ontario, Canada",2025-11-14T10:03:17-05:00,https://job-boards.greenhouse.io/reddit/jobs/7397138,company_portal,0.9,AI/ML,Matched keywords: Machine Learning,['Machine Learning'],True
Principal Machine Learning Engineer - Unified Embeddings,Reddit,Not mentioned,Remote - United States,2025-11-13T13:01:30-05:00,https://job-boards.greenhouse.io/reddit/jobs/6685051,company_portal,0.9,Engineering,Matched keywords: Machine Learning,['Machine Learning'],True
"Principal Software Engineer, ML Feature Platform",Reddit,Not mentioned,Remote - United States,2025-09-24T23:10:33-04:00,https://job-boards.greenhouse.io/reddit/jobs/6861064,company_portal,0.9,Engineering,Matched keywords: ML,['ML'],True
"Senior Data Engineer, ML Platform ",Reddit,Not mentioned,Remote - United States,2025-11-11T08:29:09-05:00,https://job-boards.greenhouse.io/reddit/jobs/7231198,company_portal,0.9,Engineering,Matched keywords: ML,['ML'],True
"Senior Data Science Manager, Safety & Mods",Reddit,Not mentioned,Remote - United States,2025-11-17T18:29:54-05:00,https://job-boards.greenhouse.io/reddit/jobs/7390217,company_portal,0.9,AI/ML,Matched keywords: Data Science,['Data Science'],True
"Senior Machine Learning Engineer, Ads",Reddit,Not mentioned,Remote - United States,2025-09-24T23:10:35-04:00,https://job-boards.greenhouse.io/reddit/jobs/6960831,company_portal,0.9,Engineering,Matched keywords: Machine Learning,['Machine Learning'],True
"Senior Machine Learning Engineer, Ads",Reddit,Not mentioned,"Remote - Ontario, Canada",2025-09-24T23:10:35-04:00,https://job-boards.greenhouse.io/reddit/jobs/6960833,company_portal,0.9,Engineering,Matched keywords: Machine Learning,['Machine Learning'],True
"Senior Machine Learning Engineer, Core Experience and Growth",Reddit,Not mentioned,Remote - United States,2025-11-12T09:53:52-05:00,https://job-boards.greenhouse.io/reddit/jobs/7391392,company_portal,0.9,Engineering,Matched keywords: Machine Learning,['Machine Learning'],True
"Senior Machine Learning Engineer, Dev Platform Data and Discovery",Reddit,Not mentioned,Remote - United States,2025-11-05T02:04:19-05:00,https://job-boards.greenhouse.io/reddit/jobs/7377109,company_portal,0.9,Engineering,Matched keywords: Machine Learning,['Machine Learning'],True
Senior Machine Learning Manager - Ads Content Understanding,Reddit,Not mentioned,"Remote - Ontario, Canada",2025-11-14T09:59:15-05:00,https://job-boards.greenhouse.io/reddit/jobs/7397132,company_portal,0.9,AI/ML,Matched keywords: Machine Learning,['Machine Learning'],True
Senior Machine Learning Manager - Ads Content Understanding,Reddit,Not mentioned,Remote - United States,2025-11-14T09:59:31-05:00,https://job-boards.greenhouse.io/reddit/jobs/7176613,company_portal,0.9,AI/ML,Matched keywords: Machine Learning,['Machine Learning'],True
"Senior Software Engineer, ML Feature Platform",Reddit,Not mentioned,Remote - United States,2025-10-20T16:57:58-04:00,https://job-boards.greenhouse.io/reddit/jobs/7074776,company_portal,0.9,Engineering,Matched keywords: ML,['ML'],True
"Senior Staff Machine Learning Engineer, Ads Targeting",Reddit,Not mentioned,Remote - United States,2025-11-20T14:03:23-05:00,https://job-boards.greenhouse.io/reddit/jobs/6778794,company_portal,0.9,Engineering,Matched keywords: Machine Learning,['Machine Learning'],True
"Senior Staff Machine Learning Engineer, Feed Relevance",Reddit,Not mentioned,Remote - United States,2025-11-06T15:23:51-05:00,https://job-boards.greenhouse.io/reddit/jobs/6264211,company_portal,0.9,Engineering,Matched keywords: Machine Learning,['Machine Learning'],True
"Software Engineer, ML Feature Platform",Reddit,Not mentioned,Remote - United States,2025-10-30T12:31:38-04:00,https://job-boards.greenhouse.io/reddit/jobs/7195282,company_portal,0.9,Engineering,Matched keywords: ML,['ML'],True
"Staff Machine Learning Engineer, Ads Targeting",Reddit,Not mentioned,Remote - United States,2025-11-21T02:04:11-05:00,https://job-boards.greenhouse.io/reddit/jobs/7339256,company_portal,0.9,Engineering,Matched keywords: Machine Learning,['Machine Learning'],True
"Staff Machine Learning Engineer, ML Platform ",Reddit,Not mentioned,Remote - United States,2025-11-11T11:32:59-05:00,https://job-boards.greenhouse.io/reddit/jobs/7388390,company_portal,0.9,Engineering,"Matched keywords: Machine Learning, ML","['Machine Learning', 'ML']",True
Staff Product Manager: Ad Campaign Recommendations and Opti-Score,Reddit,Not mentioned,Remote - United States,2025-09-24T23:10:39-04:00,https://job-boards.greenhouse.io/reddit/jobs/7160559,company_portal,0.9,AI/ML,Matched keywords: AI,['AI'],True
"Staff Software Engineer, ML Feature Platform",Reddit,Not mentioned,Remote - United States,2025-10-20T14:46:06-04:00,https://job-boards.greenhouse.io/reddit/jobs/7315028,company_portal,0.9,Engineering,Matched keywords: ML,['ML'],True
"AML Investigator, Crypto",Robinhood,Not mentioned,"Denver, CO; New York, NY; Westlake, TX",2025-11-25T20:49:51-05:00,https://boards.greenhouse.io/robinhood/jobs/7379020?t=gh_src=&gh_jid=7379020,company_portal,0.9,AI/ML,Matched keywords: ML,['ML'],True
"Senior Machine Learning Engineer, Agentic",Robinhood,Not mentioned,"Bellevue, WA; Menlo Park, CA",2025-11-25T19:35:09-05:00,https://boards.greenhouse.io/robinhood/jobs/7121213?t=gh_src=&gh_jid=7121213,company_portal,0.9,Engineering,Matched keywords: Machine Learning,['Machine Learning'],True
"Senior Security Engineer, Blockchain",Robinhood,Not mentioned,"Menlo Park, CA",2025-11-25T19:37:41-05:00,https://boards.greenhouse.io/robinhood/jobs/7252911?t=gh_src=&gh_jid=7252911,company_portal,0.9,Engineering,Matched keywords: AI,['AI'],True
"Staff Software Engineer, Care AI",Robinhood,Not mentioned,"Menlo Park, CA",2025-11-25T19:37:56-05:00,https://boards.greenhouse.io/robinhood/jobs/7272881?t=gh_src=&gh_jid=7272881,company_portal,0.9,Engineering,Matched keywords: AI,['AI'],True
AI Application Analyst,Twilio,Not mentioned,Remote - Colombia,2025-11-27T10:25:28-05:00,https://job-boards.greenhouse.io/twilio/jobs/7396056,company_portal,0.9,Data Science,Matched keywords: AI,['AI'],True
"Assistant Counsel or Specialist, Government, Policy and Regulatory Affairs",Twilio,Not mentioned,Remote - Ireland,2025-11-27T10:25:58-05:00,https://job-boards.greenhouse.io/twilio/jobs/7410804,company_portal,0.9,AI/ML,Matched keywords: AI,['AI'],True
"Assistant Counsel or Specialist, Government, Policy and Regulatory Affairs",Twilio,Not mentioned,Remote - United Kingdom,2025-11-27T10:25:58-05:00,https://job-boards.greenhouse.io/twilio/jobs/7411006,company_portal,0.9,AI/ML,Matched keywords: AI,['AI'],True
Integrated Campaigns Manager,Twilio,Not mentioned,"Remote - Ontario, Canada",2025-11-27T10:24:17-05:00,https://job-boards.greenhouse.io/twilio/jobs/7404989,company_portal,0.9,AI/ML,Matched keywords: AI,['AI'],True
"Manager, Consumer Paid Search [Team Lead]",Udemy,Not mentioned,"Denver, CO",2025-11-22T05:45:58-05:00,https://app.careerpuck.com/job-board/udemy/job/5659341004?gh_jid=5659341004,company_portal,0.9,AI/ML,Matched keywords: AI,['AI'],True
Senior Data Science Manager,Udemy,Not mentioned,"Ankara, Turkey",2025-10-25T04:01:37-04:00,https://app.careerpuck.com/job-board/udemy/job/5671354004?gh_jid=5671354004,company_portal,0.9,AI/ML,Matched keywords: Data Science,['Data Science'],True
"Brand Designer, Campaigns",Figma,Not mentioned,"San Francisco, CA • New York, NY • United States",2025-11-19T09:05:52-05:00,https://boards.greenhouse.io/figma/jobs/5654818004?gh_jid=5654818004,company_portal,0.9,AI/ML,Matched keywords: AI,['AI'],True
"Business Systems Architect, AI",Figma,Not mentioned,"San Francisco, CA • New York, NY • United States",2025-11-19T09:05:55-05:00,https://boards.greenhouse.io/figma/jobs/5699248004?gh_jid=5699248004,company_portal,0.9,Engineering,Matched keywords: AI,['AI'],True
Data Science Intern (2026),Figma,Not mentioned,"San Francisco, CA • New York, NY",2025-11-19T09:05:50-05:00,https://boards.greenhouse.io/figma/jobs/5614980004?gh_jid=5614980004,company_portal,0.9,AI/ML,Matched keywords: Data Science,['Data Science'],True
"Integration Engineer, AI",Figma,Not mentioned,"San Francisco, CA • New York, NY • United States",2025-11-19T09:05:53-05:00,https://boards.greenhouse.io/figma/jobs/5660560004?gh_jid=5660560004,company_portal,0.9,Engineering,Matched keywords: AI,['AI'],True
"Internal Product Manager, AI Tooling",Figma,Not mentioned,"San Francisco, CA • New York, NY • United States",2025-11-19T09:05:53-05:00,https://boards.greenhouse.io/figma/jobs/5662715004?gh_jid=5662715004,company_portal,0.9,AI/ML,Matched keywords: AI,['AI'],True
"Manager, Data Science - Core Data",Figma,Not mentioned,"San Francisco, CA • New York, NY • United States",2025-11-19T09:05:53-05:00,https://boards.greenhouse.io/figma/jobs/5665597004?gh_jid=5665597004,company_portal,0.9,AI/ML,Matched keywords: Data Science,['Data Science'],True
"Manager, Software Engineering - Expressive AI",Figma,Not mentioned,"New York, NY • United States",2025-11-19T09:05:53-05:00,https://boards.greenhouse.io/figma/jobs/5678196004?gh_jid=5678196004,company_portal,0.9,Engineering,Matched keywords: AI,['AI'],True
"PhD Intern, AI Applied Scientist (2026)",Figma,Not mentioned,"San Francisco, CA • New York, NY",2025-11-19T09:05:49-05:00,https://boards.greenhouse.io/figma/jobs/5598934004?gh_jid=5598934004,company_portal,0.9,Research,Matched keywords: AI,['AI'],True
"Product Designer, AI Models",Figma,Not mentioned,"San Francisco, CA • New York, NY • United States",2025-11-21T11:05:35-05:00,https://boards.greenhouse.io/figma/jobs/5711913004?gh_jid=5711913004,company_portal,0.9,AI/ML,Matched keywords: AI,['AI'],True
"Product Designer - Design, Dev, & AI Tools",Figma,Not mentioned,"San Francisco, CA • New York, NY • United States",2025-11-21T10:54:56-05:00,https://boards.greenhouse.io/figma/jobs/5711468004?gh_jid=5711468004,company_portal,0.9,AI/ML,Matched keywords: AI,['AI'],True
"Product Manager, AI",Figma,Not mentioned,"San Francisco, CA • New York, NY • United States",2025-11-19T09:05:48-05:00,https://boards.greenhouse.io/figma/jobs/5574247004?gh_jid=5574247004,company_portal,0.9,AI/ML,Matched keywords: AI,['AI'],True
"Software Engineer, AI Platforms",Figma,Not mentioned,"San Francisco, CA • New York, NY • United States",2025-11-19T09:05:54-05:00,https://boards.greenhouse.io/figma/jobs/5691886004?gh_jid=5691886004,company_portal,0.9,Engineering,Matched keywords: AI,['AI'],True
"Software Engineer, AI Product",Figma,Not mentioned,"San Francisco, CA • New York, NY • United States",2025-11-19T09:05:45-05:00,https://boards.greenhouse.io/figma/jobs/5551730004?gh_jid=5551730004,company_portal,0.9,Engineering,Matched keywords: AI,['AI'],True
"Software Engineer, Machine Learning",Figma,Not mentioned,"San Francisco, CA • New York, NY • United States",2025-11-19T09:05:44-05:00,https://boards.greenhouse.io/figma/jobs/5551532004?gh_jid=5551532004,company_portal,0.9,Engineering,Matched keywords: Machine Learning,['Machine Learning'],True
"Technical Program Manager, AI Platform",Figma,Not mentioned,"San Francisco, CA • New York, NY • United States",2025-11-20T18:28:40-05:00,https://boards.greenhouse.io/figma/jobs/5707695004?gh_jid=5707695004,company_portal,0.9,AI/ML,Matched keywords: AI,['AI'],True
Forward Deployed AI Engineer,Palantir,Not mentioned,"New York, NY",2024-03-22T16:44:35.560000,https://jobs.lever.co/palantir/636fc05c-d348-4a06-be51-597cb9e07488,company_portal,0.9,Engineering,"Matched keywords: AI, AI Engineer","['AI', 'AI Engineer']",True
Forward Deployed AI Engineer,Palantir,Not mentioned,"London, United Kingdom",2024-05-09T10:33:01.644000,https://jobs.lever.co/palantir/ff1029bd-bb6d-4d78-a03e-5f9744d0b798,company_portal,0.9,Engineering,"Matched keywords: AI, AI Engineer","['AI', 'AI Engineer']",True
